{
  "final_recon_loss": 0.002341365907341242,
  "explained_variance": 0.4115369915962219,
  "firing_rate": [
    3.240129444748163e-05,
    5.760230487794615e-05,
    0.31817471981048584,
    0.0005112204235047102,
    0.01761910505592823,
    0.0,
    0.35202929377555847,
    0.06510500609874725,
    8.400335900660139e-06,
    0.00012360494292806834
  ],
  "dead_latent_count": 0,
  "mean_l0": 0.7536613345146179,
  "n_epochs_trained": 17,
  "early_stopped": true
}