{
  "final_recon_loss": 0.0024044057354331017,
  "explained_variance": 0.39544808864593506,
  "firing_rate": [
    7.200288109743269e-06,
    1.560062446515076e-05,
    0.0,
    0.0,
    0.05516020581126213,
    1.2000480182905449e-06,
    0.0,
    0.0,
    0.0,
    1.0,
    0.0,
    0.06639505922794342,
    0.01763470470905304,
    4.8001920731621794e-06,
    0.0
  ],
  "dead_latent_count": 0,
  "mean_l0": 1.139218807220459,
  "n_epochs_trained": 15,
  "early_stopped": true
}