{
  "final_recon_loss": 0.001990185584872961,
  "explained_variance": 0.4996124505996704,
  "firing_rate": [
    0.0,
    0.0,
    0.0738881528377533,
    0.06872794777154922,
    0.0,
    1.2000480182905449e-06,
    1.2000480182905449e-06,
    0.18647906184196472,
    0.6505856513977051,
    0.18063122034072876,
    1.2000480182905449e-06,
    0.16997119784355164,
    1.2000480182905449e-06,
    0.0,
    0.0,
    0.16518661379814148,
    0.0,
    0.0,
    0.0,
    0.0,
    0.0,
    1.2000480182905449e-06,
    1.2000480182905449e-06,
    2.4000960365810897e-06,
    1.2000480182905449e-06,
    0.1327757090330124,
    0.0,
    0.05806912109255791,
    0.0,
    0.0
  ],
  "dead_latent_count": 0,
  "mean_l0": 1.6863254308700562,
  "n_epochs_trained": 72,
  "early_stopped": true
}