{
  "layer": 18,
  "n_latents": 15,
  "k": 3,
  "centered": false,
  "seed": 0,
  "lr": 0.006609891577527325,
  "batch_size": 512,
  "max_epochs": 300,
  "patience": 10,
  "val_frac": 0.05,
  "d_in": 4096,
  "n_epochs_trained": 15,
  "activations_input_hash": null,
  "timestamp": "2026-07-15T10:14:50.186501+00:00"
}