{
  "layer": 18,
  "n_latents": 10,
  "k": 3,
  "centered": false,
  "seed": 0,
  "lr": 0.008095430810031052,
  "batch_size": 512,
  "max_epochs": 300,
  "patience": 10,
  "val_frac": 0.05,
  "d_in": 4096,
  "n_epochs_trained": 17,
  "activations_input_hash": null,
  "timestamp": "2026-07-15T10:12:00.877443+00:00"
}