{
  "final_recon_loss": 0.0021190375555306673,
  "explained_variance": 0.46741336584091187,
  "firing_rate": [
    0.0,
    0.0,
    0.0,
    0.0,
    2.4000960365810897e-06,
    0.0,
    0.0,
    0.0,
    0.0,
    0.0,
    0.0,
    0.0,
    1.2000480182905449e-06,
    2.4000960365810897e-06,
    0.0,
    0.22855514287948608,
    0.0,
    3.6001440548716346e-06,
    0.0,
    0.0,
    0.0,
    0.0,
    0.2448601871728897,
    0.8369975090026855,
    0.0,
    0.0,
    0.0,
    0.2664262652397156,
    0.0,
    0.0,
    0.0,
    0.0,
    0.0,
    0.09437177330255508,
    1.2000480182905449e-06,
    0.0,
    0.0,
    2.4000960365810897e-06,
    0.0,
    0.0
  ],
  "dead_latent_count": 0,
  "mean_l0": 1.6712239980697632,
  "n_epochs_trained": 46,
  "early_stopped": true
}