{
  "final_recon_loss": 0.0022112573496997356,
  "explained_variance": 0.4451201558113098,
  "firing_rate": [
    0.09526461362838745,
    0.0003204128297511488,
    0.01762150414288044,
    8.52034063427709e-05,
    9.480379230808467e-05,
    0.1767742782831192,
    3.0001199775142595e-05,
    0.0005424217088147998,
    0.00017880715313367546,
    0.0655154213309288,
    1.3200527973822318e-05,
    0.0005532221402972937,
    0.3563278615474701,
    0.00015840634296182543,
    7.200288109743269e-06,
    0.021124444901943207,
    0.017225489020347595,
    0.04075362905859947,
    0.00010680426930775866,
    0.0006012240773998201
  ],
  "dead_latent_count": 0,
  "mean_l0": 0.7932989597320557,
  "n_epochs_trained": 15,
  "early_stopped": true
}